"date","ciss_d","ciss_bond_d","ciss_correlations_d","ciss_equity_d","ciss_intermediaries_d","ciss_fx_d","ciss_money_d","ciss","ciss_bond","ciss_correlations","ciss_equity","ciss_intermediaries","ciss_fx","ciss_money"
1999-01-01,NA,NA,NA,NA,NA,NA,NA,0.13968125,0.04843875,-0.23292,0.10537625,0.09459075,0.05982675,0.06436875
1999-02-01,0.037613,0.00464924999999999,0.016355,0.00993425000000001,0.01589225,0.000660500000000001,-0.00987775,0.17729425,0.053088,-0.216565,0.1153105,0.110483,0.06048725,0.054491
1999-03-01,-0.06770325,-0.01098975,0.077175,-0.0422735,-0.05631825,-0.01686025,-0.01843625,0.109591,0.04209825,-0.13939,0.073037,0.05416475,0.043627,0.03605475
1999-04-01,-0.0366796,-0.00684845000000001,0.019198,-0.0181524,-0.02146035,-0.0127048,0.00328925,0.0729114,0.0352498,-0.120192,0.0548846,0.0327044,0.0309222,0.039344
1999-05-01,-0.02188115,0.000505700000000005,0.0102395,-0.01090785,-0.0013489,-0.00298295,-0.01739075,0.05103025,0.0357555,-0.1099525,0.04397675,0.0313555,0.02793925,0.02195325
1999-06-01,-0.00544325,0.00344025,-0.0297825,-0.00648149999999999,0.0118525,0.00844925,0.0070845,0.045587,0.03919575,-0.139735,0.03749525,0.043208,0.0363885,0.02903775
1999-07-01,0.011558,0.00667365,-0.039533,0.02521815,0.000506200000000005,0.00593030000000001,0.01275665,0.057145,0.0458694,-0.179268,0.0627134,0.0437142,0.0423188,0.0417944
1999-08-01,0.02249175,0.0159141,-0.0602045,0.02560485,0.0388288,0.00461019999999999,-0.0022619,0.07963675,0.0617835,-0.2394725,0.08831825,0.082543,0.046929,0.0395325
1999-09-01,-0.02340825,-0.00251275,0.0215,-0.025248,-0.019352,0.011399,-0.009192,0.0562285,0.05927075,-0.2179725,0.06307025,0.063191,0.058328,0.0303405
1999-10-01,0.0307065,0.00145005,-0.0249235,0.03102315,-0.0117726,-0.003563,0.0384921,0.086935,0.0607208,-0.242896,0.0940934,0.0514184,0.054765,0.0688326
1999-11-01,-0.0349835,-0.0077973,0.064486,-0.0419079,-0.0032404,-0.020072,-0.0264501,0.0519515,0.0529235,-0.17841,0.0521855,0.048178,0.034693,0.0423825
1999-12-01,0.0069099,-0.0018013,-0.050288,0.0225381,0.0248324,0.00770079999999999,0.00392729999999999,0.0588614,0.0511222,-0.228698,0.0747236,0.0730104,0.0423938,0.0463098
2000-01-01,0.0148431,0.00777455,-0.033672,0.0013329,0.01428435,0.0174262,0.00769545,0.0737045,0.05889675,-0.26237,0.0760565,0.08729475,0.05982,0.05400525
2000-02-01,-0.00784725,-0.00600299999999999,0.0253975,-0.015465,-0.00096425,0.00523175000000001,-0.016043,0.06585725,0.05289375,-0.2369725,0.0605915,0.0863305,0.06505175,0.03796225
2000-03-01,0.00675755,-0.00282195,-0.00606950000000001,0.0152561,0.00302509999999999,-0.01323395,0.01060255,0.0726148,0.0500718,-0.243042,0.0758476,0.0893556,0.0518178,0.0485648
2000-04-01,0.0565422,0.01651145,-0.0441555,0.05503665,-0.0070186,0.02112595,0.0150422,0.129157,0.06658325,-0.2871975,0.13088425,0.082337,0.07294375,0.063607
2000-05-01,0.066885,0.00986775000000001,-0.01241,0.01265825,0.0243245,0.02152275,0.01092275,0.196042,0.076451,-0.2996075,0.1435425,0.1066615,0.0944665,0.07452975
2000-06-01,-0.0381172,-0.0040434,0.0774295,-0.0536233,-0.0196647,-0.0268275,-0.01139035,0.1579248,0.0724076,-0.222178,0.0899192,0.0869968,0.067639,0.0631394
2000-07-01,-0.02037605,-0.0036991,0.00713049999999998,0.01509105,-0.0076498,-0.0150215,-0.01622365,0.13754875,0.0687085,-0.2150475,0.10501025,0.079347,0.0526175,0.04691575
2000-08-01,-0.01721575,-0.00912400000000001,0.00466250000000001,-0.01570725,0.00310575,0.0029765,-0.0031345,0.120333,0.0595845,-0.210385,0.089303,0.08245275,0.055594,0.04378125
2000-09-01,0.0078722,0.00405610000000001,-0.016071,-0.00109440000000001,0.01266145,0.0087986,-0.000476250000000004,0.1282052,0.0636406,-0.226456,0.0882086,0.0951142,0.0643926,0.043305
2000-10-01,0.0307678,-0.000308600000000006,-0.0176915,0.0466584,-0.000846949999999999,-0.00314884999999999,0.00610525000000001,0.158973,0.063332,-0.2441475,0.134867,0.09426725,0.06124375,0.04941025
2000-11-01,-0.03769575,-0.0071175,0.0355725,-0.02156575,-0.01833625,-0.0072525,-0.01899575,0.12127725,0.0562145,-0.208575,0.11330125,0.075931,0.05399125,0.0304145
2000-12-01,0.01136195,0.0174479,-0.038907,0.00817374999999999,-0.0122272,0.02272855,0.0141427,0.1326392,0.0736624,-0.247482,0.121475,0.0637038,0.0767198,0.0445572
2001-01-01,0.01658355,0.00808734999999999,-0.050378,0.01889375,0.0250602,0.01085695,0.0040668,0.14922275,0.08174975,-0.29786,0.14036875,0.088764,0.08757675,0.048624
2001-02-01,-0.02397275,-0.0176575,0.04367,-0.01417425,-0.00957750000000002,-0.00809525,-0.01813875,0.12525,0.06409225,-0.25419,0.1261945,0.0791865,0.0794815,0.03048525
2001-03-01,-0.0128364,0.00502675,-0.027836,0.0127385,0.0122177,-0.0169719,0.00198755,0.1124136,0.069119,-0.282026,0.138933,0.0914042,0.0625096,0.0324728
2001-04-01,0.02231215,0.00788599999999999,-0.00983400000000001,0.00905800000000001,-0.01375145,0.01120565,0.01774745,0.13472575,0.077005,-0.29186,0.147991,0.07765275,0.07371525,0.05022025
2001-05-01,-0.051439,-0.02276425,0.05274,-0.0335445,0.000350750000000011,-0.0246385,-0.02358175,0.08328675,0.05424075,-0.23912,0.1144465,0.0780035,0.04907675,0.0266385
2001-06-01,-0.00494275000000001,-0.00181915000000001,-0.00700600000000001,-0.0179649,0.00532089999999999,0.01088265,0.0056429,0.078344,0.0524216,-0.246126,0.0964816,0.0833244,0.0599594,0.0322814
2001-07-01,0.0571625,-0.000908350000000002,-0.00982650000000002,0.0438654,0.03363735,-0.00539190000000001,-0.00421115,0.1355065,0.05151325,-0.2559525,0.140347,0.11696175,0.0545675,0.02807025
2001-08-01,-0.0203785,-0.00468965,0.0521525,-0.0229976,-0.02206735,-0.0183277,-0.00444865,0.115128,0.0468236,-0.2038,0.1173494,0.0948944,0.0362398,0.0236216
2001-09-01,0.149078,0.03807215,-0.109845,0.06790185,0.06713435,0.0472492,0.03856365,0.264206,0.08489575,-0.313645,0.18525125,0.16202875,0.083489,0.06218525
2001-10-01,-0.0036195,-0.01629225,0.107595,-0.032455,-0.01657625,-0.04095125,-0.0049375,0.2605865,0.0686035,-0.20605,0.15279625,0.1454525,0.04253775,0.05724775
2001-11-01,-0.00581349999999997,0.00326070000000001,0.01814,-0.00532025,-0.00320250000000002,-0.00597975,-0.01271135,0.254773,0.0718642,-0.18791,0.147476,0.14225,0.036558,0.0445364
2001-12-01,-0.04360125,-0.01300795,-0.0070075,-0.009405,-0.02153475,0.00905225,-0.00169664999999999,0.21117175,0.05885625,-0.1949175,0.138071,0.12071525,0.04561025,0.04283975
2002-01-01,0.0122765,-0.005834,0.0082325,0.00222375,0.00962575000000002,0.0085615,-0.0105355,0.22344825,0.05302225,-0.186685,0.14029475,0.130341,0.05417175,0.03230425
2002-02-01,-0.0141075,-0.003433,0.0319475,-0.00713549999999999,-0.00912550000000001,-0.013284,-0.013077,0.20934075,0.04958925,-0.1547375,0.13315925,0.1212155,0.04088775,0.01922725
2002-03-01,-0.07299955,-0.01657825,0.0287935,-0.03835765,-0.0359603,-0.01199235,0.00109355,0.1363412,0.033011,-0.125944,0.0948016,0.0852552,0.0288954,0.0203208
2002-04-01,0.0101843,0.00654875,-0.0188385,0.0097734,0.0167948,-0.00657965,0.0024857,0.1465255,0.03955975,-0.1447825,0.104575,0.10205,0.02231575,0.0228065
2002-05-01,0.00103690000000001,-0.00724955,-0.0559635,0.0178852,0.023969,0.01969825,0.0026985,0.1475624,0.0323102,-0.200746,0.1224602,0.126019,0.042014,0.025505
2002-06-01,-0.00516265000000002,0.00415155,-0.046724,0.0278323,0.000757500000000022,0.00304475,0.005777,0.14239975,0.03646175,-0.24747,0.1502925,0.1267765,0.04505875,0.031282
2002-07-01,0.04062975,0.0121975,-0.029405,0.01626425,0.039637,0.00648125,-0.004549,0.1830295,0.04865925,-0.276875,0.16655675,0.1664135,0.05154,0.026733
2002-08-01,0.0265057,0.01442635,0.022323,-0.00162275000000001,-0.00246769999999999,-0.00594860000000001,-0.000199999999999999,0.2095352,0.0630856,-0.254552,0.164934,0.1639458,0.0455914,0.026533
2002-09-01,0.0122673,-0.00866160000000001,-0.00561299999999998,0.00470725000000002,0.01568945,0.0013866,0.004757,0.2218025,0.054424,-0.260165,0.16964125,0.17963525,0.046978,0.03129
2002-10-01,0.009523,0.01246475,-0.0545675,0.00880774999999998,0.022565,-0.00429075,0.024545,0.2313255,0.06688875,-0.3147325,0.178449,0.20220025,0.04268725,0.055835
2002-11-01,-0.0601689,-0.02269015,0.0684665,-0.0337788,-0.05335625,-0.01242365,-0.0063902,0.1711566,0.0441986,-0.246266,0.1446702,0.148844,0.0302636,0.0494448
2002-12-01,-0.0214336,-0.01857085,0.005611,-0.0050597,-0.00796675000000002,0.0024234,0.0021257,0.149723,0.02562775,-0.240655,0.1396105,0.14087725,0.032687,0.0515705
2003-01-01,0.00549859999999999,0.00325025,0.007963,0.0034325,0.00445235000000002,-0.003181,-0.0104121,0.1552216,0.028878,-0.232692,0.143043,0.1453296,0.029506,0.0411584
2003-02-01,-0.0110456,0.003608,-0.0848855,0.015314,0.01928565,0.023736,0.01189685,0.144176,0.032486,-0.3175775,0.158357,0.16461525,0.053242,0.05305525
2003-03-01,0.0143,0.00897475,0.00352750000000002,0.000977000000000006,0.002112,0.00441725,-0.0057095,0.158476,0.04146075,-0.31405,0.159334,0.16672725,0.05765925,0.04734575
2003-04-01,-0.02660675,-0.00885575,0.0987325,-0.024632,-0.04905675,-0.02560725,-0.01719025,0.13186925,0.032605,-0.2153175,0.134702,0.1176705,0.032052,0.0301555
2003-05-01,-0.01549725,-0.0032414,-0.0530605,-0.0135002,0.00362530000000001,0.0333238,0.0173561,0.116372,0.0293636,-0.268378,0.1212018,0.1212958,0.0653758,0.0475116
2003-06-01,0.030421,0.00669515,0.00814300000000001,0.01102995,0.01071995,-0.00333705,-0.0028281,0.146793,0.03605875,-0.260235,0.13223175,0.13201575,0.06203875,0.0446835
2003-07-01,-0.05522475,-0.009273,0.0883625,-0.0427605,-0.050855,-0.02108375,-0.01961575,0.09156825,0.02678575,-0.1718725,0.08947125,0.08116075,0.040955,0.02506775
2003-08-01,-0.000334449999999986,-0.00614515,0.0191565,-0.01065685,0.000634250000000003,-0.00359,0.00026665,0.0912338,0.0206406,-0.152716,0.0788144,0.081795,0.037365,0.0253344
2003-09-01,-0.0113238,0.0014384,0.00740099999999999,-0.00341314999999999,-0.0135265,0.00573224999999999,-0.0089564,0.07991,0.022079,-0.145315,0.07540125,0.0682685,0.04309725,0.016378
2003-10-01,0.010925,0.0031654,-0.044831,0.02291415,0.0116521,0.00464775,0.0133802,0.090835,0.0252444,-0.190146,0.0983154,0.0799206,0.047745,0.0297582
2003-11-01,-0.02170325,-0.00348815,0.019426,-0.01255615,-0.01599285,-0.0026275,-0.0064657,0.06913175,0.02175625,-0.17072,0.08575925,0.06392775,0.0451175,0.0232925
2003-12-01,-0.02123075,-0.006722,0.0592475,-0.0243065,-0.0140045,-0.0330105,-0.00243575,0.047901,0.01503425,-0.1114725,0.06145275,0.04992325,0.012107,0.02085675
2004-01-01,0.0392554,0.00647875,-0.0677695,0.01484185,0.03921735,0.035379,0.01110645,0.0871564,0.021513,-0.179242,0.0762946,0.0891406,0.047486,0.0319632
2004-02-01,-0.01873665,-0.01019625,0.051432,-0.01983785,-0.01419785,-0.01697925,-0.0089552,0.06841975,0.01131675,-0.12781,0.05645675,0.07494275,0.03050675,0.023008
2004-03-01,0.02208525,0.00962725,-0.0654125,0.0203355,0.0235455,0.02879125,0.00519675,0.090505,0.020944,-0.1932225,0.07679225,0.09848825,0.059298,0.02820475
2004-04-01,-0.00890100000000001,-0.0038106,0.0229405,-0.00197305,-0.01185385,-0.0140146,-0.000189350000000001,0.081604,0.0171334,-0.170282,0.0748192,0.0866344,0.0452834,0.0280154
2004-05-01,-0.01161225,0.00310535,0.014167,-0.0105642,-0.0083029,-0.000699650000000003,-0.00931615,0.06999175,0.02023875,-0.156115,0.064255,0.0783315,0.04458375,0.01869925
2004-06-01,-0.0264095,-0.006286,0.0353025,-0.02981625,-0.01832875,-0.0098885,0.0026035,0.04358225,0.01395275,-0.1208125,0.03443875,0.06000275,0.03469525,0.02130275
2004-07-01,0.00746554999999999,0.00089765,0.0276845,0.00223424999999999,-0.01265735,-0.00947005,-0.00122095,0.0510478,0.0148504,-0.093128,0.036673,0.0473454,0.0252252,0.0200818
2004-08-01,0.0149087,-0.00172415,0.0029305,0.00778475000000001,0.0072151,0.00215305,-0.0034518,0.0659565,0.01312625,-0.0901975,0.04445775,0.0545605,0.02737825,0.01663
2004-09-01,0.00176375000000001,-0.000578499999999999,0.01094,0.00180075,-0.007532,-0.00695475,0.0040885,0.06772025,0.01254775,-0.0792575,0.0462585,0.0470285,0.0204235,0.0207185
2004-10-01,-0.000212050000000005,4.3650000000001e-05,0.00425350000000001,0.0014469,-0.0069145,-0.0031395,0.0040967,0.0675082,0.0125914,-0.075004,0.0477054,0.040114,0.017284,0.0248152
2004-11-01,-0.0150837,-0.0014639,0.023969,-0.0195419,-0.012851,0.00078375,-0.0059767,0.0524245,0.0111275,-0.051035,0.0281635,0.027263,0.01806775,0.0188385
2004-12-01,-0.000524499999999997,-0.0006535,0.020859,-0.0152827,-0.0044842,-0.00144255,0.0004773,0.0519,0.010474,-0.030176,0.0128808,0.0227788,0.0166252,0.0193158
2005-01-01,0.00687599999999999,-0.00239325,-0.000438999999999998,0.00238395,0.00723095,0.00293055,-0.00283505,0.058776,0.00808075,-0.030615,0.01526475,0.03000975,0.01955575,0.01648075
2005-02-01,0.01651675,0.0009925,0.0048925,0.005823,0.01099275,-0.0063235,0.000139,0.07529275,0.00907325,-0.0257225,0.02108775,0.0410025,0.01323225,0.01661975
2005-03-01,-0.000124250000000006,0.0029825,0.004635,0.000200250000000003,-0.0094035,0.003192,-0.00173025,0.0751685,0.01205575,-0.0210875,0.021288,0.031599,0.01642425,0.0148895
2005-04-01,0.0172479,-0.00181915,-0.0033725,0.0098118,0.0067844,-0.00114965,0.0069927,0.0924164,0.0102366,-0.02446,0.0310998,0.0383834,0.0152746,0.0218822
2005-05-01,0.0059261,0.0060899,-0.000960000000000003,0.0023927,0.000980099999999998,0.00119565,-0.0037717,0.0983425,0.0163265,-0.02542,0.0334925,0.0393635,0.01647025,0.0181105
2005-06-01,0.003742,0.0020335,-0.01816,-0.01225175,0.006935,0.01969075,0.00549525,0.1020845,0.01836,-0.04358,0.02124075,0.0462985,0.036161,0.02360575
2005-07-01,-0.0106899,-0.0047662,-0.001638,0.00540385,0.0019629,-0.0082722,-0.00338135,0.0913946,0.0135938,-0.045218,0.0266446,0.0482614,0.0278888,0.0202244
2005-08-01,-0.02528535,-0.0041378,0.0196155,-0.00444485,-0.01618015,-0.01329655,-0.00683765,0.06610925,0.009456,-0.0256025,0.02219975,0.03208125,0.01459225,0.01338675
2005-09-01,0.01038135,0.002094,0.0068145,-0.000675750000000003,-0.000399449999999996,-0.00154765,0.00409145,0.0764906,0.01155,-0.018788,0.021524,0.0316818,0.0130446,0.0174782
2005-10-01,0.0463874,0.0050765,-0.0189545,0.02592075,0.0130082,0.01016015,0.0111778,0.122878,0.0166265,-0.0377425,0.04744475,0.04469,0.02320475,0.028656
2005-11-01,-0.01438325,0.004032,-0.00783250000000001,-0.0155495,8.59999999999958e-05,-0.000286999999999999,0.0051645,0.10849475,0.0206585,-0.045575,0.03189525,0.044776,0.02291775,0.0338205
2005-12-01,-0.03929455,-0.0066095,0.010637,-0.01616185,-0.0116416,-0.00570655,-0.0098107,0.0692002,0.014049,-0.034938,0.0157334,0.0331344,0.0172112,0.0240098
2006-01-01,0.01963005,0.00521475,-0.014832,0.0137036,0.00458035,0.00631055,0.0046532,0.08883025,0.01926375,-0.04977,0.029437,0.03771475,0.02352175,0.028663
2006-02-01,-0.00158124999999999,0.0006765,-0.000372499999999998,-0.0023105,0.00560775,-0.005395,0.000213249999999998,0.087249,0.01994025,-0.0501425,0.0271265,0.0433225,0.01812675,0.02887625
2006-03-01,0.0011992,0.00490435,-0.0119855,0.000161100000000004,-0.000387899999999997,0.00584545,0.00266095,0.0884482,0.0248446,-0.062128,0.0272876,0.0429346,0.0239722,0.0315372
2006-04-01,-0.0019667,-0.0033746,-0.015992,0.000659899999999998,0.01162865,-0.00030995,0.0054228,0.0864815,0.02147,-0.07812,0.0279475,0.05456325,0.02366225,0.03696
2006-05-01,0.04171175,0.01139475,-0.04152,0.033129,0.02326025,0.00812725,0.00732075,0.12819325,0.03286475,-0.11964,0.0610765,0.0778235,0.0317895,0.04428075
2006-06-01,-0.00104665000000001,-0.000239749999999997,-0.001316,0.0164553,-0.00332690000000001,-0.0114383,-0.00118055,0.1271466,0.032625,-0.120956,0.0775318,0.0744966,0.0203512,0.0431002
2006-07-01,-0.0104941,0.00273075,-0.0114065,-0.00696904999999999,0.0030989,-0.000262200000000001,0.0023158,0.1166525,0.03535575,-0.1323625,0.07056275,0.0775955,0.020089,0.045416
2006-08-01,-0.02352725,-0.0056935,0.02323,-0.02416275,-0.00488224999999999,-0.00630175,-0.00572075,0.09312525,0.02966225,-0.1091325,0.0464,0.07271325,0.01378725,0.03969525
2006-09-01,-0.02052225,-2.84499999999993e-05,0.0079485,-0.008489,-0.01847265,0.00182215,-0.00330585,0.072603,0.0296338,-0.101184,0.037911,0.0542406,0.0156094,0.0363894
2006-10-01,-0.02004475,-0.0036423,0.00916149999999999,-0.01366575,-0.00307485,-0.0074544,-0.00136665,0.05255825,0.0259915,-0.0920225,0.02424525,0.05116575,0.008155,0.03502275
2006-11-01,-0.01293675,-0.0024365,0.01654,-0.002325,-0.0172965,0.00038725,-0.0078055,0.0396215,0.023555,-0.0754825,0.02192025,0.03386925,0.00854225,0.02721725
2006-12-01,0.0147949,-0.000970599999999999,-0.00364750000000001,0.01662475,-0.000909850000000004,0.00296415,0.000732350000000003,0.0544164,0.0225844,-0.07913,0.038545,0.0329594,0.0115064,0.0279496
2007-01-01,0.00655210000000001,-0.0015889,0.0180325,-0.017207,0.00730585,0.0041906,-0.00418035,0.0609685,0.0209955,-0.0610975,0.021338,0.04026525,0.015697,0.02376925
2007-02-01,0.00227225,-0.00251975,0.0119925,-0.002927,-0.0024925,-0.000829999999999999,-0.000948999999999998,0.06324075,0.01847575,-0.049105,0.018411,0.03777275,0.014867,0.02282025
2007-03-01,0.09592085,0.01111865,-0.044845,0.056203,0.04615245,0.0167664,0.01052355,0.1591616,0.0295944,-0.09395,0.074614,0.0839252,0.0316334,0.0333438
2007-04-01,-0.0708841,-0.000958399999999998,-0.00938249999999999,-0.03153325,-0.01999645,-0.01965315,0.01064145,0.0882775,0.028636,-0.1033325,0.04308075,0.06392875,0.01198025,0.04398525
2007-05-01,-0.02887275,-0.0047355,0.01843,-0.020924,-0.00494199999999999,-0.0043255,-0.0123745,0.05940475,0.0239005,-0.0849025,0.02215675,0.05898675,0.00765475,0.03161075
2007-06-01,0.01614125,0.0069859,-0.0308715,0.02294065,0.01075265,0.00379205,0.00253865,0.075546,0.0308864,-0.115774,0.0450974,0.0697394,0.0114468,0.0341494
2007-07-01,0.034142,0.01756535,-0.047416,0.02794435,0.01736835,0.01113295,0.0075491,0.109688,0.04845175,-0.16319,0.07304175,0.08710775,0.02257975,0.0416985
2007-08-01,0.1934956,0.02237185,-0.04456,0.07094965,0.07369205,0.03347505,0.0375675,0.3031836,0.0708236,-0.20775,0.1439914,0.1607998,0.0560548,0.079266
2007-09-01,0.01417865,0.00365065000000001,0.063765,-0.02011265,-0.0115663,-0.0129348,-0.00862650000000001,0.31736225,0.07447425,-0.143985,0.12387875,0.1492335,0.04312,0.0706395
2007-10-01,-0.0756385,-0.01310375,0.017645,-0.04317625,-0.01865725,-0.0084075,-0.00993674999999999,0.24172375,0.0613705,-0.12634,0.0807025,0.13057625,0.0347125,0.06070275
2007-11-01,0.08392225,0.0171395,-0.054426,0.0398057,0.04451755,0.0283033,0.00858045,0.325646,0.07851,-0.180766,0.1205082,0.1750938,0.0630158,0.0692832
2007-12-01,-0.00566549999999999,0.00132350000000001,0.0386985,-0.0157532,-0.03833605,-0.00438479999999999,0.0127878,0.3199805,0.0798335,-0.1420675,0.104755,0.13675775,0.058631,0.082071
2008-01-01,0.1340245,0.0184815,-0.0159375,0.050329,0.0486455,0.02503625,0.00746925,0.454005,0.098315,-0.158005,0.155084,0.18540325,0.08366725,0.08954025
2008-02-01,0.00724779999999997,0.001711,0.048761,0.006468,0.00536175,-0.03386985,-0.02118365,0.4612528,0.100026,-0.109244,0.161552,0.190765,0.0497974,0.0683566
2008-03-01,0.0721042,0.00990249999999999,-0.039551,0.017468,0.024899,0.03425185,0.02513665,0.533357,0.1099285,-0.148795,0.17902,0.215664,0.08404925,0.09349325
2008-04-01,-0.05471025,-0.010816,0.04184,-0.025851,-0.0229905,-0.00998300000000001,-0.02691,0.47864675,0.0991125,-0.106955,0.153169,0.1926735,0.07406625,0.06658325
2008-05-01,-0.09427115,-0.0075843,0.020683,-0.03868,-0.0264345,-0.02694685,-0.01531305,0.3843756,0.0915282,-0.086272,0.114489,0.166239,0.0471194,0.0512702
2008-06-01,0.07588115,0.00690204999999999,-0.0267855,0.030004,0.03757675,0.0122406,0.01594555,0.46025675,0.09843025,-0.1130575,0.144493,0.20381575,0.05936,0.06721575
2008-07-01,-0.04191,0.00137100000000001,-0.0149525,-0.01378025,0.00817925,-0.0104085,-0.01232025,0.41834675,0.09980125,-0.12801,0.13071275,0.211995,0.0489515,0.0548955
2008-08-01,-0.05017655,-0.00861905,-0.02969,-0.000322549999999977,-0.012329,0.0112819,-0.0104975,0.3681702,0.0911822,-0.1577,0.1303902,0.199666,0.0602334,0.044398
2008-09-01,0.1440303,0.0332058,-0.0692775,0.05807605,0.0423475,0.03927535,0.04040275,0.5122005,0.124388,-0.2269775,0.18846625,0.2420135,0.09950875,0.08480075
2008-10-01,0.2236007,0.0137394,0.0508715,0.02512835,0.0428773,0.03600225,0.05498425,0.7358012,0.1381274,-0.176106,0.2135946,0.2848908,0.135511,0.139785
2008-11-01,0.04237605,-0.01033215,0.071956,-0.0119636,-0.00451880000000005,-0.000705999999999984,-0.00206124999999999,0.77817725,0.12779525,-0.10415,0.201631,0.280372,0.134805,0.13772375
2008-12-01,-0.07813275,-0.00570875000000001,0.036895,-0.036011,-0.0364389999999999,-0.02484975,-0.01201825,0.7000445,0.1220865,-0.067255,0.16562,0.243933,0.10995525,0.1257055
2009-01-01,0.0186817,-0.00111089999999998,0.00489299999999999,-0.00475239999999999,0.00761239999999996,0.01248395,-0.000445299999999982,0.7187262,0.1209756,-0.062362,0.1608676,0.2515454,0.1224392,0.1252602
2009-02-01,0.0156767999999999,-0.0051056,0.012707,0.01039515,0.0109661,-0.00472345,-0.00856245000000001,0.734403,0.11587,-0.049655,0.17126275,0.2625115,0.11771575,0.11669775
2009-03-01,0.037981,0.00312175000000001,0.00674,0.0242245,0.00704525,-0.00214475,-0.00100625,0.772384,0.11899175,-0.042915,0.19548725,0.26955675,0.115571,0.1156915
2009-04-01,-0.09293075,-0.0163495,0.0086825,-0.02654275,-0.02088425,-0.0112065,-0.02663175,0.67945325,0.10264225,-0.0342325,0.1689445,0.2486725,0.1043645,0.08905975
2009-05-01,-0.08144005,-0.02040285,-0.0030655,-0.0184485,-0.0253841,-0.0012105,-0.01292515,0.5980132,0.0822394,-0.037298,0.150496,0.2232884,0.103154,0.0761346
2009-06-01,0.03017205,0.0028441,-0.008097,0.0215345,-0.00198789999999999,-0.00223925,0.0181164,0.62818525,0.0850835,-0.045395,0.1720305,0.2213005,0.10091475,0.094251
2009-07-01,-0.0505834500000001,-0.0029093,0.003895,-0.00566949999999999,-0.00532010000000002,-0.02363015,-0.0169494,0.5776018,0.0821742,-0.0415,0.166361,0.2159804,0.0772846,0.0773016
2009-08-01,-0.0996047999999999,-0.0160952,-0.001425,-0.0255935,-0.02630815,-0.0131006,-0.01708035,0.477997,0.066079,-0.042925,0.1407675,0.18967225,0.064184,0.06022125
2009-09-01,-0.0954925,-0.01595275,-0.014135,-0.032484,-0.01078625,-0.01558425,-0.0065515,0.3825045,0.05012625,-0.05706,0.1082835,0.178886,0.04859975,0.05366975
2009-10-01,0.0296067,0.01356675,-0.02141,0.0285525,-0.00683799999999998,0.01596785,-0.000233750000000005,0.4121112,0.063693,-0.07847,0.136836,0.172048,0.0645676,0.053436
2009-11-01,-0.0375662,-0.01038825,-0.00579500000000001,-0.0153825,-0.00413674999999999,-0.000892850000000001,-0.000968499999999997,0.374545,0.05330475,-0.084265,0.1214535,0.16791125,0.06367475,0.0524675
2009-12-01,-0.02919325,-0.00100525,-0.00742999999999999,-0.0023475,-0.00180000000000002,-0.008881,-0.007731,0.34535175,0.0522995,-0.091695,0.119106,0.16611125,0.05479375,0.0447365
2010-01-01,-0.06140255,-0.0200535,-0.016693,-0.0130608,-0.01200885,-0.00165475,0.0020705,0.2839492,0.032246,-0.108388,0.1060452,0.1541024,0.053139,0.046807
2010-02-01,0.0226578,0.01386325,-0.048412,0.0183173,0.02531885,0.01167625,0.001891,0.306607,0.04610925,-0.1568,0.1243625,0.17942125,0.06481525,0.048698
2010-03-01,-0.071748,-0.015498,0.01111,-0.02674025,-0.024736,-0.0100675,-0.00581625,0.234859,0.03061125,-0.14569,0.09762225,0.15468525,0.05474775,0.04288175
2010-04-01,-0.003244,0.00075335,-0.027354,0.01087455,0.00296874999999999,0.01110125,-0.00158614999999999,0.231615,0.0313646,-0.173044,0.1084968,0.157654,0.065849,0.0412956
2010-05-01,0.169468,0.0466169,-0.098586,0.07554695,0.0685305,0.0519815,0.02537315,0.401083,0.0779815,-0.27163,0.18404375,0.2261845,0.1178305,0.06666875
2010-06-01,-0.03813525,-0.00106550000000001,0.0651275,-0.033053,-0.01917475,-0.046135,-0.00383124999999999,0.36294775,0.076916,-0.2065025,0.15099075,0.20700975,0.0716955,0.0628375
2010-07-01,-0.00333495,-0.0130448,0.0456725,-0.02309395,-0.01613675,-0.00155029999999999,0.00482049999999999,0.3596128,0.0638712,-0.16083,0.1278968,0.190873,0.0701452,0.067658
2010-08-01,-0.03675055,-0.00186645000000001,0.0225475,-0.00670355,-0.029024,-0.0078492,-0.01385875,0.32286225,0.06200475,-0.1382825,0.12119325,0.161849,0.062296,0.05379925
2010-09-01,0.029554,0.010112,-0.00234499999999999,-0.008506,0.00628175,0.020429,0.00358275,0.35241625,0.07211675,-0.1406275,0.11268725,0.16813075,0.082725,0.057382
2010-10-01,-0.06193785,-0.01137555,0.0121395,-0.04631545,-0.01061215,-0.0182354,0.0124616,0.2904784,0.0607412,-0.128488,0.0663718,0.1575186,0.0644896,0.0698436
2010-11-01,-0.01582015,0.0070993,-0.014667,-0.00742005000000001,0.00582489999999999,0.00458714999999998,-0.0112401,0.27465825,0.0678405,-0.143155,0.05895175,0.1633435,0.06907675,0.0586035
2010-12-01,-0.03620545,-0.000917699999999994,0.00240100000000001,-0.00141295,-0.0145887,-0.01601975,-0.0056693,0.2384528,0.0669228,-0.140754,0.0575388,0.1487548,0.053057,0.0529342
2011-01-01,-0.03399755,-0.0109113,-0.027151,-0.00542955,0.00709370000000001,0.013391,-0.0109892,0.20445525,0.0560115,-0.167905,0.05210925,0.1558485,0.066448,0.041945
2011-02-01,-0.0541045,-0.013665,0.00140750000000001,-0.002589,-0.0284405,-0.022095,0.0112765,0.15035075,0.0423465,-0.1664975,0.04952025,0.127408,0.044353,0.0532215
2011-03-01,0.02761425,0.01477425,-0.079135,0.0362775,0.029603,0.0157565,0.010335,0.177965,0.05712075,-0.2456325,0.08579775,0.157011,0.0601095,0.0635565
2011-04-01,-0.00207759999999999,-0.00697975,0.0314945,-0.01092695,-0.00944900000000001,-0.0048157,-0.0013985,0.1758874,0.050141,-0.214138,0.0748708,0.147562,0.0552938,0.062158
2011-05-01,-0.0067844,0.000435749999999999,0.021458,-0.0150738,-0.00634925,0.01210095,-0.0193565,0.169103,0.05057675,-0.19268,0.059797,0.14121275,0.06739475,0.0428015
2011-06-01,0.01547025,0.01077275,-0.0629425,0.040833,0.02146,-0.000521250000000001,0.00586875,0.18457325,0.0613495,-0.2556225,0.10063,0.16267275,0.0668735,0.04867025
2011-07-01,0.10922635,0.0241533,0.0181285,0.024958,0.02728965,0.0047787,0.00991735,0.2937996,0.0855028,-0.237494,0.125588,0.1899624,0.0716522,0.0585876
2011-08-01,0.16097715,0.01849095,0.0320265,0.04302675,0.03629885,0.0105853,0.0205499,0.45477675,0.10399375,-0.2054675,0.16861475,0.22626125,0.0822375,0.0791375
2011-09-01,0.06326665,0.01449905,0.0284295,0.01389905,0.00918695,0.00421709999999999,-0.0069659,0.5180434,0.1184928,-0.177038,0.1825138,0.2354482,0.0864546,0.0721716
2011-10-01,0.0548366,-0.00429005,0.0479405,-0.00679755000000001,-0.00275419999999998,0.00222965,0.01851065,0.57288,0.11420275,-0.1290975,0.17571625,0.232694,0.08868425,0.09068225
2011-11-01,-0.00699650000000007,-0.00980025,0.02557,-0.0079815,-0.01029525,-0.012242,0.00774899999999999,0.5658835,0.1044025,-0.1035275,0.16773475,0.22239875,0.07644225,0.09843125
2011-12-01,-0.1082549,-0.0134217,0.0146515,-0.04464275,-0.02092075,-0.03609965,-0.00782044999999999,0.4576286,0.0909808,-0.088876,0.123092,0.201478,0.0403426,0.0906108
2012-01-01,0.0157049,0.000977950000000005,-0.046269,-0.00825975000000001,0.01776,0.0377109,0.0137842,0.4733335,0.09195875,-0.135145,0.11483225,0.219238,0.0780535,0.104395
2012-02-01,-0.09482625,-0.016566,0.0231175,-0.02808875,-0.032945,-0.02115275,-0.0191885,0.37850725,0.07539275,-0.1120275,0.0867435,0.186293,0.05690075,0.0852065
2012-03-01,-0.03242925,-0.00951915,-0.00296249999999999,0.00690349999999999,-0.0148462,-0.01147855,-0.000527100000000003,0.346078,0.0658736,-0.11499,0.093647,0.1714468,0.0454222,0.0846794
2012-04-01,0.00705850000000002,0.000261899999999995,-0.0190225,0.03185725,0.01417595,-0.00573195000000001,-0.01448315,0.3531365,0.0661355,-0.1340125,0.12550425,0.18562275,0.03969025,0.07019625
2012-05-01,-0.01369325,0.00240650000000001,-0.0169225,0.00262350000000003,-0.00508400000000001,0.0069835,-0.00370025,0.33944325,0.068542,-0.150935,0.12812775,0.18053875,0.04667375,0.066496
2012-06-01,0.05050615,0.0211542,-0.019777,0.00400504999999998,0.02570985,0.01799905,0.00141480000000001,0.3899494,0.0896962,-0.170712,0.1321328,0.2062486,0.0646728,0.0679108
2012-07-01,0.00741910000000001,-0.0145817,0.0251195,-0.00570204999999999,-0.0096591,-0.00348805,0.0157272,0.3973685,0.0751145,-0.1455925,0.12643075,0.1965895,0.06118475,0.083638
2012-08-01,-0.0689833,-0.0190627,0.0506565,-0.02413455,-0.0332729,-0.02343475,-0.0197306,0.3283852,0.0560518,-0.094936,0.1022962,0.1633166,0.03775,0.0639074
2012-09-01,-0.0609657,-0.0100648,-0.014634,-0.0119987,-0.0130641,-0.000331249999999998,-0.0108719,0.2674195,0.045987,-0.10957,0.0902975,0.1502525,0.03741875,0.0530355
2012-10-01,-0.03861475,-0.0071165,-0.0148725,0.00612675,-0.014873,-0.000351000000000004,-0.0075305,0.22880475,0.0388705,-0.1244425,0.09642425,0.1353795,0.03706775,0.045505
2012-11-01,-0.06490415,-0.0123409,0.0281105,-0.03383985,-0.0218757,-0.01622255,-0.0087342,0.1639006,0.0265296,-0.096332,0.0625844,0.1135038,0.0208452,0.0367708
2012-12-01,-0.06158935,0.00293715,-0.011908,-0.03045415,-0.0194483,0.00180455,-0.00451955,0.10231125,0.02946675,-0.10824,0.03213025,0.0940555,0.02264975,0.03225125
2013-01-01,0.01697325,0.0124775,-0.0713075,0.0282135,0.01699425,0.026679,0.003914,0.1192845,0.04194425,-0.1795475,0.06034375,0.11104975,0.04932875,0.03616525
2013-02-01,-0.0036885,-0.0014705,-0.0273025,0.0028445,0.01326275,0.00815725,0.000816999999999998,0.115596,0.04047375,-0.20685,0.06318825,0.1243125,0.057486,0.03698225
2013-03-01,-0.0091186,0.00133485,-0.000638,-0.00485565,0.000874100000000003,-0.0036638,-0.00216625,0.1064774,0.0418086,-0.207488,0.0583326,0.1251866,0.0538222,0.034816
2013-04-01,0.00663809999999999,0.0020309,-0.0195195,0.02575115,0.00764265,-0.0109257,0.00165725,0.1131155,0.0438395,-0.2270075,0.08408375,0.13282925,0.0428965,0.03647325
2013-05-01,-0.0509577,-0.0119925,0.0641195,-0.04999435,-0.03156165,-0.0149477,-0.00658105,0.0621578,0.031847,-0.162888,0.0340894,0.1012676,0.0279488,0.0298922
2013-06-01,0.01287095,0.0143665,-0.073787,0.03209135,0.02197715,0.00648145,0.01174205,0.07502875,0.0462135,-0.236675,0.06618075,0.12324475,0.03443025,0.04163425
2013-07-01,-0.014733,-0.00826449999999999,0.0622075,-0.0201315,-0.0312145,-0.00304525000000001,-0.0142855,0.06029575,0.037949,-0.1744675,0.04604925,0.09203025,0.031385,0.02734875
2013-08-01,-0.01870095,-0.007382,0.0286675,-0.01300245,-0.00963785,-0.00834,-0.00900435,0.0415948,0.030567,-0.1458,0.0330468,0.0823924,0.023045,0.0183444
2013-09-01,-0.00799155,0.00476225,0.00734249999999997,-0.0023373,-0.0191394,-0.0028595,0.00423835,0.03360325,0.03532925,-0.1384575,0.0307095,0.063253,0.0201855,0.02258275
2013-10-01,-0.000458,-0.01016725,0.0392475,-0.00685875,-0.00733450000000001,-0.00784675,-0.0075,0.03314525,0.025162,-0.09921,0.02385075,0.0559185,0.01233875,0.01508275
2013-11-01,0.00534575,0.000930799999999999,-0.00269800000000001,-0.00611955,-0.000301699999999995,0.01159805,0.00194005,0.038491,0.0260928,-0.101908,0.0177312,0.0556168,0.0239368,0.0170228
2013-12-01,0.0142205,-0.00447055,0.0125755,0.0178233,-0.00846880000000001,-0.0099858,0.00674645,0.0527115,0.02162225,-0.0893325,0.0355545,0.047148,0.013951,0.02376925
2014-01-01,0.0200119,0.00405655,0.0121905,-0.0096129,0.006658,0.0088936,-0.00217505,0.0727234,0.0256788,-0.077142,0.0259416,0.053806,0.0228446,0.0215942
2014-02-01,0.00015960000000001,-0.0011873,0.00656950000000001,0.0045254,-0.0048575,-0.0050776,0.0001863,0.072883,0.0244915,-0.0705725,0.030467,0.0489485,0.017767,0.0217805
2014-03-01,0.04477825,0.0054645,-0.0116875,0.02838875,0.0113005,0.0033515,0.0079635,0.11766125,0.029956,-0.08226,0.05885575,0.060249,0.0211185,0.029744
2014-04-01,-0.049166,-0.00953825,0.035375,-0.0306275,-0.0199115,-0.0142905,-0.0101755,0.06849525,0.02041775,-0.046885,0.02822825,0.0403375,0.006828,0.0195685
2014-05-01,0.00140955,-0.00316955,0.010653,-0.00610285,0.0050833,-0.0023312,-0.0027231,0.0699048,0.0172482,-0.036232,0.0221254,0.0454208,0.0044968,0.0168454
2014-06-01,-0.00325305000000001,0.000833549999999999,0.005622,-0.00629915,-0.00695705,0.0008482,0.00270035,0.06665175,0.01808175,-0.03061,0.01582625,0.03846375,0.005345,0.01954575
2014-07-01,0.03138125,0.0013895,-0.0152475,0.02723,0.013307,0.001306,0.00339525,0.098033,0.01947125,-0.0458575,0.04305625,0.05177075,0.006651,0.022941
2014-08-01,0.0061504,0.00453735,-0.0196745,0.00669535,0.01250365,0.0036118,-0.0015228,0.1041834,0.0240086,-0.065532,0.0497516,0.0642744,0.0102628,0.0214182
2014-09-01,-0.01731915,-0.0055156,0.0106945,-0.0188296,-0.0163039,0.01106145,0.00157355,0.08686425,0.018493,-0.0548375,0.030922,0.0479705,0.02132425,0.02299175
2014-10-01,0.05442435,0.0105244,-0.0413365,0.0406374,0.0344583,0.01058355,-0.000443349999999999,0.1412886,0.0290174,-0.096174,0.0715594,0.0824288,0.0319078,0.0225484
2014-11-01,-0.0390276,-0.01010765,0.00667899999999999,-0.01866765,-0.0130618,0.0032662,-0.0071339,0.102261,0.01890975,-0.089495,0.05289175,0.069367,0.035174,0.0154145
2014-12-01,-0.00669775,0.0050185,0.0020225,-0.00479675,-0.00369899999999999,-0.0031455,-0.002098,0.09556325,0.02392825,-0.0874725,0.048095,0.065668,0.0320285,0.0133165
2015-01-01,0.05085895,0.01847095,-0.0553215,0.0075666,0.035254,0.0236687,0.0212193,0.1464222,0.0423992,-0.142794,0.0556616,0.100922,0.0556972,0.0345358
2015-02-01,-0.0618582,-0.0118507,0.0316515,-0.02587085,-0.03099125,-0.0180062,-0.00679105,0.084564,0.0305485,-0.1111425,0.02979075,0.06993075,0.037691,0.02774475
2015-03-01,0.000119750000000002,0.012459,-0.026795,0.00842975,-0.01017325,0.0179755,-0.001774,0.08468375,0.0430075,-0.1379375,0.0382205,0.0597575,0.0556665,0.02597075
2015-04-01,-0.01784325,-0.00968175,0.0153775,-0.00194950000000001,0.00244225,-0.01924725,-0.00478625,0.0668405,0.03332575,-0.12256,0.036271,0.06219975,0.03641925,0.0211845
2015-05-01,0.0241873,0.01585145,-0.0544,0.023649,0.01822725,0.02276395,-0.0019045,0.0910278,0.0491772,-0.17696,0.05992,0.080427,0.0591832,0.01928
2015-06-01,-0.0102488,0.0029023,-0.00224749999999999,0.00291875,-0.00550675,-0.01338945,0.0050735,0.080779,0.0520795,-0.1792075,0.06283875,0.07492025,0.04579375,0.0243535
2015-07-01,0.0455794,0.0093667,-0.0347285,0.03641545,0.01533395,0.01098185,0.0082097,0.1263584,0.0614462,-0.213936,0.0992542,0.0902542,0.0567756,0.0325632
2015-08-01,0.0204326,0.0018858,-0.00283149999999999,0.0026723,0.0144138,0.000387899999999997,0.0039033,0.146791,0.063332,-0.2167675,0.1019265,0.104668,0.0571635,0.0364665
2015-09-01,0.03628825,0.00139450000000001,0.0286125,0.01309425,-0.00628374999999999,0.00806,-0.008589,0.18307925,0.0647265,-0.188155,0.11502075,0.09838425,0.0652235,0.0278775
2015-10-01,-0.02768425,0.000988899999999987,0.011331,-0.01294335,-0.00806885,-0.0194189,0.000426900000000001,0.155395,0.0657154,-0.176824,0.1020774,0.0903154,0.0458046,0.0283044
2015-11-01,-0.06285,-0.0154339,0.032044,-0.04762115,-0.0126439,-0.01676835,-0.0024219,0.092545,0.0502815,-0.14478,0.05445625,0.0776715,0.02903625,0.0258825
2015-12-01,0.0103745,0.011048,-0.055375,0.0207795,0.00510099999999999,0.01565675,0.01316175,0.1029195,0.0613295,-0.200155,0.07523575,0.0827725,0.044693,0.03904425
2016-01-01,0.0336921,0.00429850000000001,-0.010729,0.03239285,0.0131507,-9.51999999999967e-05,-0.00532445,0.1366116,0.065628,-0.210884,0.1076286,0.0959232,0.0445978,0.0337198
2016-02-01,0.0785074,0.00930125,-0.00557100000000002,0.0176694,0.04296955,0.0136327,0.000503699999999996,0.215119,0.07492925,-0.216455,0.125298,0.13889275,0.0582305,0.0342235
2016-03-01,-0.0254165,-0.00715725,0.0307575,-0.03462225,-0.01076,-0.00484775,0.00121475000000001,0.1897025,0.067772,-0.1856975,0.09067575,0.12813275,0.05338275,0.03543825
2016-04-01,-0.0196449,-0.0066996,-0.0101045,-0.00335335,0.00940985000000003,-0.00740635,-0.00149185,0.1700576,0.0610724,-0.195802,0.0873224,0.1375426,0.0459764,0.0339464
2016-05-01,-0.04989735,-0.01124465,0.016967,-0.0190354,-0.0276431,-0.00922915,0.000286849999999998,0.12016025,0.04982775,-0.178835,0.068287,0.1098995,0.03674725,0.03423325
2016-06-01,0.071937,0.021336,-0.06016,0.034566,0.031523,0.03853025,0.00614325,0.19209725,0.07116375,-0.238995,0.102853,0.1414225,0.0752775,0.0403765
2016-07-01,0.06109775,-0.00592895,0.033235,0.0228366,0.0190761,-0.0109709,0.0028519,0.253195,0.0652348,-0.20576,0.1256896,0.1604986,0.0643066,0.0432284
2016-08-01,-0.09103725,-0.01407205,0.0704,-0.0633141,-0.0351356,-0.03097785,-0.0179389,0.16215775,0.05116275,-0.13536,0.0623755,0.125363,0.03332875,0.0252895
2016-09-01,-0.03024535,-3.50000000003126e-07,-0.019254,0.000504900000000003,-0.00817279999999999,-0.00462035,0.0012963,0.1319124,0.0511624,-0.154614,0.0628804,0.1171902,0.0287084,0.0265858
2016-10-01,-0.0127584,0.0017746,-0.0307635,-0.00537765,0.0094028,0.00831735,0.00388795,0.119154,0.052937,-0.1853775,0.05750275,0.126593,0.03702575,0.03047375
2016-11-01,-0.01242875,0.00351925,-0.02091,0.00913375,-0.01108475,0.00524075,0.00167175,0.10672525,0.05645625,-0.2062875,0.0666365,0.11550825,0.0422665,0.0321455
2016-12-01,-0.00885204999999999,0.00845355,-0.0155245,-0.0044095,-0.00425645000000001,0.000403900000000006,0.0064791,0.0978732,0.0649098,-0.221812,0.062227,0.1112518,0.0426704,0.0386246
2017-01-01,-0.02354495,-0.0052463,0.00516950000000002,-0.008612,-0.0112828,0.00231584999999999,-0.00588535,0.07432825,0.0596635,-0.2166425,0.053615,0.099969,0.04498625,0.03273925
2017-02-01,-0.000102000000000005,-0.00224425,-0.0140275,0.022792,0.00225425,-0.0104175,0.00153950000000001,0.07422625,0.05741925,-0.23067,0.076407,0.10222325,0.03456875,0.03427875
2017-03-01,-0.01242465,-0.00230105,0.019372,-0.0182296,-0.01002805,0.000665249999999999,-0.00190395,0.0618016,0.0551182,-0.211298,0.0581774,0.0921952,0.035234,0.0323748
2017-04-01,-0.0063301,-0.00566995,0.0246655,-0.01542565,-0.00513970000000001,-0.0019325,-0.0028283,0.0554715,0.04944825,-0.1866325,0.04275175,0.0870555,0.0333015,0.0295465
2017-05-01,-0.0075315,-0.00632675,0.00894,0.01345775,-0.02100925,-0.000917500000000002,-0.00167475,0.04794,0.0431215,-0.1776925,0.0562095,0.06604625,0.032384,0.02787175
2017-06-01,0.00265480000000001,-0.000527900000000005,0.00530250000000002,-0.0103159,0.01373115,-0.0046482,-0.000886750000000002,0.0505948,0.0425936,-0.17239,0.0458936,0.0797774,0.0277358,0.026985
2017-07-01,-0.0023058,-0.0032156,0.01679,-0.00620385,-0.01082115,-0.000175799999999997,0.0013185,0.048289,0.039378,-0.1556,0.03968975,0.06895625,0.02756,0.0283035
2017-08-01,-0.005419,-0.0037305,0.021355,0.0091795,-0.02304525,-0.005819,-0.0033555,0.04287,0.0356475,-0.134245,0.04886925,0.045911,0.021741,0.024948
2017-09-01,0.0114018,0.0055027,-0.030431,0.00543215,0.0161376,0.012561,0.0021962,0.0542718,0.0411502,-0.164676,0.0543014,0.0620486,0.034302,0.0271442
2017-10-01,-0.00827705,-0.0047827,0.047106,-0.0308129,-0.0098856,-0.00758575,-0.0023162,0.04599475,0.0363675,-0.11757,0.0234885,0.052163,0.02671625,0.024828
2017-11-01,0.0107085,-0.0060105,0.00511499999999999,0.008034,0.00749375,-0.00409875,0.000178000000000001,0.05670325,0.030357,-0.112455,0.0315225,0.05965675,0.0226175,0.025006
2017-12-01,-0.00718024999999999,0.0044472,-0.003715,0.0089601,-0.01361095,-0.0060325,0.0027698,0.049523,0.0348042,-0.11617,0.0404826,0.0460458,0.016585,0.0277758
2018-01-01,0.0022735,-0.0073582,0.032125,-0.01656535,-0.0016743,0.005137,-0.00939455,0.0517965,0.027446,-0.084045,0.02391725,0.0443715,0.021722,0.01838125
2018-02-01,0.0390035,0.01200575,-0.03587,0.0328135,0.0226595,0.0081555,-0.00076,0.0908,0.03945175,-0.119915,0.05673075,0.067031,0.0298775,0.01762125
2018-03-01,-0.00806820000000001,-0.00493355,0.00362900000000001,-0.00707415,0.00318419999999998,-0.0038461,0.00097535,0.0827318,0.0345182,-0.116286,0.0496566,0.0702152,0.0260314,0.0185966
2018-04-01,-0.0188373,0.0011778,0.0037435,-0.000588100000000001,-0.0146392,-0.0100154,0.00148115,0.0638945,0.035696,-0.1125425,0.0490685,0.055576,0.016016,0.02007775
2018-05-01,-0.00829399999999999,0.00300325,0.008245,-0.0256405,0.00451525,0.00234425,-0.000758749999999999,0.0556005,0.03869925,-0.1042975,0.023428,0.06009125,0.01836025,0.019319
2018-06-01,0.0698881,0.02133595,-0.0825985,0.0553706,0.04109095,0.02505875,0.0096312,0.1254886,0.0600352,-0.186896,0.0787986,0.1011822,0.043419,0.0289502
2018-07-01,-0.05510135,-0.02092545,0.0767685,-0.03481335,-0.03034445,-0.03409075,-0.01169295,0.07038725,0.03910975,-0.1101275,0.04398525,0.07083775,0.00932825,0.01725725
2018-08-01,-0.00960005,0.00903325,-0.0462085,0.00142355,0.00467025,0.01916075,0.00231795,0.0607872,0.048143,-0.156336,0.0454088,0.075508,0.028489,0.0195752
2018-09-01,0.00802355,-9.90000000000019e-05,-0.00608899999999998,0.00961620000000001,0.00872125,-0.00438,0.000252550000000001,0.06881075,0.048044,-0.162425,0.055025,0.08422925,0.024109,0.01982775
2018-10-01,0.00551024999999999,0.0087155,-0.033735,0.01777225,0.00833275,-0.000777500000000004,0.0052025,0.074321,0.0567595,-0.19616,0.07279725,0.092562,0.0233315,0.02503025
2018-11-01,-0.0051668,0.000996300000000006,-0.025812,0.01931075,-0.0154026,0.0102085,0.00553215,0.0691542,0.0577558,-0.221972,0.092108,0.0771594,0.03354,0.0305624
2018-12-01,0.0315648,0.00473295,-0.0212605,0.02740025,0.0201816,-0.001471,0.00198485,0.100719,0.06248875,-0.2432325,0.11950825,0.097341,0.032069,0.03254725
2019-01-01,0.03519375,0.0089385,-0.00626000000000002,-0.00920300000000002,0.0314285,0.0106605,-0.000375250000000001,0.13591275,0.07142725,-0.2494925,0.11030525,0.1287695,0.0427295,0.032172
2019-02-01,-0.01246825,-0.016848,0.0922275,-0.0274115,-0.02495975,-0.025437,-0.01003525,0.1234445,0.05457925,-0.157265,0.08289375,0.10380975,0.0172925,0.02213675
2019-03-01,-0.0171301,0.00102415,-0.021623,-0.01024995,0.00161765,0.0125505,-0.000453950000000002,0.1063144,0.0556034,-0.178888,0.0726438,0.1054274,0.029843,0.0216828
2019-04-01,-0.0101654,-0.0089164,0.0545755,-0.01578705,-0.01989965,-0.0190935,-0.00104155,0.096149,0.046687,-0.1243125,0.05685675,0.08552775,0.0107495,0.02064125
2019-05-01,-0.005121,-0.00311,-0.0127575,0.01160205,-0.00281774999999999,0.000735099999999999,0.00122895,0.091028,0.043577,-0.13707,0.0684588,0.08271,0.0114846,0.0218702
2019-06-01,-0.00647499999999999,0.00603600000000001,-0.0233175,-0.0135043,0.0148435,0.00498215,0.00448055,0.084553,0.049613,-0.1603875,0.0549545,0.0975535,0.01646675,0.02635075
2019-07-01,-0.02884775,-0.00566425,0.0172325,-0.0231165,-0.009505,-0.00664525,-0.00114625,0.05570525,0.04394875,-0.143155,0.031838,0.0880485,0.0098215,0.0252045
2019-08-01,0.02410995,0.01555565,-0.110025,0.0613928,0.0258089,0.0241085,0.0072679,0.0798152,0.0595044,-0.25318,0.0932308,0.1138574,0.03393,0.0324724
2019-09-01,-0.00288445,8.06000000000001e-05,0.0378725,-0.02917255,-0.0057769,-0.0070975,0.00120985,0.07693075,0.059585,-0.2153075,0.06405825,0.1080805,0.0268325,0.03368225
2019-10-01,-0.00819525,-0.00677425,0.0259925,-0.000868499999999994,-0.01671675,-0.004915,-0.0049135,0.0687355,0.05281075,-0.189315,0.06318975,0.09136375,0.0219175,0.02876875
2019-11-01,-0.0174037,-0.01146835,0.039557,-0.01926735,-0.01156815,-0.0135233,-0.00113475,0.0513318,0.0413424,-0.149758,0.0439224,0.0797956,0.0083942,0.027634
2019-12-01,-0.01560705,-0.00259965,0.0026505,-0.01503665,-0.00893084999999999,0.0084013,-9.12499999999976e-05,0.03572475,0.03874275,-0.1471075,0.02888575,0.07086475,0.0167955,0.02754275
2020-01-01,0.00954525,-0.00138535,0.0097035,0.00666285,0.00322905,-0.0039909,-0.00467315,0.04527,0.0373574,-0.137404,0.0355486,0.0740938,0.0128046,0.0228696
